{
  "bytes": 83697,
  "count_of_rows": 1632,
  "hash": "f5ecc0e1b606c20691ee29a5963d6e4b",
  "profile": "data-package",
  "resources": [
    {
      "dialect": {
        "caseSensitiveHeader": false,
        "delimiter": ",",
        "doubleQuote": true,
        "header": true,
        "lineTerminator": "\r\n",
        "quoteChar": "\"",
        "skipInitialSpace": false
      },
      "encoding": "utf-8",
      "format": "csv",
      "name": "capitulo",
      "path": "capitulo.csv",
      "profile": "tabular-data-resource",
      "schema": {
        "fields": [
          {
            "format": "default",
            "name": "CAPITULO",
            "type": "string"
          },
          {
            "format": "default",
            "name": "DESCRIPCION",
            "type": "string"
          }
        ],
        "missingValues": [
          ""
        ]
      }
    },
    {
      "dialect": {
        "caseSensitiveHeader": false,
        "delimiter": ",",
        "doubleQuote": true,
        "header": true,
        "lineTerminator": "\r\n",
        "quoteChar": "\"",
        "skipInitialSpace": false
      },
      "encoding": "utf-8",
      "format": "csv",
      "name": "concepto",
      "path": "concepto.csv",
      "profile": "tabular-data-resource",
      "schema": {
        "fields": [
          {
            "format": "default",
            "name": "CONCEPTO",
            "type": "string"
          },
          {
            "format": "default",
            "name": "DESCRIPCION",
            "type": "string"
          }
        ],
        "missingValues": [
          ""
        ]
      }
    },
    {
      "dialect": {
        "caseSensitiveHeader": false,
        "delimiter": ",",
        "doubleQuote": true,
        "header": true,
        "lineTerminator": "\r\n",
        "quoteChar": "\"",
        "skipInitialSpace": false
      },
      "encoding": "utf-8",
      "format": "csv",
      "name": "partida_específica",
      "path": "partida_específica.csv",
      "profile": "tabular-data-resource",
      "schema": {
        "fields": [
          {
            "format": "default",
            "name": "PARTIDA_ESPECIFICA",
            "type": "string"
          },
          {
            "format": "default",
            "name": "DESCRIPCION",
            "type": "string"
          }
        ],
        "missingValues": [
          ""
        ]
      }
    },
    {
      "dialect": {
        "caseSensitiveHeader": false,
        "delimiter": ",",
        "doubleQuote": true,
        "header": true,
        "lineTerminator": "\r\n",
        "quoteChar": "\"",
        "skipInitialSpace": false
      },
      "encoding": "utf-8",
      "format": "csv",
      "name": "partida_generica",
      "path": "partida_generica.csv",
      "profile": "tabular-data-resource",
      "schema": {
        "fields": [
          {
            "format": "default",
            "name": "PARTIDA_GENERICA",
            "type": "string"
          },
          {
            "format": "default",
            "name": "DESCRIPCION",
            "type": "string"
          }
        ],
        "missingValues": [
          ""
        ]
      }
    }
  ]
}